magnifique,att,ebayfr-e05p_0_100.xml
parfaite,att,ebayfr-e05p_0_100.xml
tres belle,att,ebayfr-e05p_0_100.xml
parfait,att,ebayfr-e05p_0_100.xml
TRES BIEN,att,ebayfr-e05p_0_100.xml
Trés Belle,att,ebayfr-e05p_0_100.xml
exceptionnelles,att,ebayfr-e05p_0_100.xml
Trés jolie,att,ebayfr-e05p_0_100.xml
superbe,att,ebayfr-e05p_0_100.xml
tres jolie,att,ebayfr-e05p_0_100.xml
Magnifique,att,ebayfr-e05p_0_100.xml
superbes,att,ebayfr-e05p_0_100.xml
exceptionnel,att,ebayfr-e05p_0_100.xml
Superbe,att,ebayfr-e05p_0_100.xml
PARFAIT,att,ebayfr-e05p_0_100.xml
très bien,att,ebayfr-e05p_0_100.xml
parfaitement,att,ebayfr-e05p_0_100.xml
SUPERBE,att,ebayfr-e05p_0_100.xml
très RARE,att,ebayfr-e05p_0_100.xml
parfaite,att,ebayfr-e17p_0_100.xml
Tres belle,att,ebayfr-e17p_0_100.xml
très bien,att,ebayfr-e17p_0_100.xml
PARFAITEMENT,att,ebayfr-e17p_0_100.xml
Très jolie,att,ebayfr-e17p_0_100.xml
Parfait,att,ebayfr-e17p_0_100.xml
super,att,ebayfr-e17p_0_100.xml
parfaitement,att,ebayfr-e17p_0_100.xml
parfait,att,ebayfr-e17p_0_100.xml
TRES RARE,att,ebayfr-e17p_0_100.xml
magnifique,att,ebayfr-e17p_0_100.xml
tres bien,att,ebayfr-e17p_0_100.xml
PARFAIT,att,ebayfr-e17p_0_100.xml
très rare,att,ebayfr-e17p_0_100.xml
exceptionnel,att,ebayfr-e17p_0_100.xml
SUPERBES,att,ebayfr-e17p_0_100.xml
très belle,att,ebayfr-e17p_0_100.xml
trés beau,att,ebayfr-e17p_0_100.xml