Cet individu est un vantard .,SEN:0,tzu_0,LIT
"Si vous croyez ce qu' il raconte , il vous dira qu' il a d' excellents moyens de se procurer de l' argent , et cependant il est dans le plus entier dénuement !",SEN:0,tzu_1,LIT
"Il y a quelque temps , en sortant du bureau du directeur : Le patron , nous dit -il ,",SEN:0,tzu_2,LIT
estun homme dur et impitoyable .,SEN:0,tzu_3,LIT
"s' il ne rétracte pas rapidement les paroles qu' il vient de prononcer , je réclame ce qui m' est dûn et je m' en vais !",SEN:0,tzu_4,LIT
Que vous a -t -il,SEN:0,tzu_5,LIT
donc raconté ?,SEN:0,tzu_6,LIT
Il m' a dit : « Je vous mets à la porte .,SEN:0,tzu_7,LIT
Je viens de réécrire la page qui contenait de multiples erreurs.,cmr-wiki-c001-a1,SEN:0
La nouvelle page est très incomplète.,cmr-wiki-c001-a1,SEN:1
Il manque notamment : Les principes fondamentaux des tests (mesure de l'intelligence par ses manifestations et non pas par ses caractéristiques) L'explication des problèmes posés par le passage du QI en âge mental au QI par rang (et la solution de Cattell d'utiliser un écart-type,cmr-wiki-c001-a1,SEN:2
"de 48) Les limites de la modélisation par une Loi Normale L'étude de la validité des tests (ils sont corrélés à 0,7 avec l'Intelligence Générale) etc.",cmr-wiki-c001-a1,SEN:3
Il faudrait aussi compléter la page Intelligence pour y rajouter une explication de ce qu'est l'Intelligence Générale.,cmr-wiki-c001-a1,SEN:4
Mais tout cela serait beaucoup trop long.,cmr-wiki-c001-a1,SEN:5
"J'ai donc uniquement cherché à donner une indication des différentes significations que peut prendre le terme QI, et indiqué les liens vers un site francophone assez complet que j'ai développé sur le sujet.",cmr-wiki-c001-a1,SEN:6
PG 30 avr 2004 à 00:53 (CEST) ,cmr-wiki-c001-a1,SEN:7
il semble qu'on a ajouté beaucoup de choses sur cette page depuis avril.,cmr-wiki-c001-a2,SEN:0
"J'ai ajouté des réserves à la partie sur ""les réserves sur le QI"" car il y en a.",cmr-wiki-c001-a2,SEN:1
Elles sont extraites de la FAQ en cours d'élaboration sur un site que j'administre.,cmr-wiki-c001-a2,SEN:2
"Au fur et à mesure, je reviens ici déposer ce que mes recherches ont donné.",cmr-wiki-c001-a2,SEN:3
"Du coup, j'ai été amenée à ajouté aussi une page sur l'effet Flynn.",cmr-wiki-c001-a2,SEN:4
"Comme j'ai dû aussi intervenir sur la Courbe de Gauss, etc.",cmr-wiki-c001-a2,SEN:5
"Volontairement, j'ai cherché à rester le plus simple possible et à m'éloigner des chiffres : derrière le QI, il y a des gens.",cmr-wiki-c001-a2,SEN:6
J'ai ajouté donc ajouté des liens faciles d'accès (sic).,cmr-wiki-c001-a2,SEN:7
--Lauranne 29 nov 2004 à 00:31 (CET) ,cmr-wiki-c001-a2,SEN:8
Ci-dessous,cmr-wiki-c001-a3,SEN:0
un copier-coller,cmr-wiki-c001-a3,SEN:1
d'une partie de la page que je trouve trop chevelu pour être intégré et que je n'arrive pas à peigner.,cmr-wiki-c001-a3,SEN:2
gbog 16 jan 2005 à 09:35 (CET) ...,cmr-wiki-c001-a3,SEN:3
OK.,cmr-wiki-c001-a3,SEN:4
J'ai reclassé certains items.,cmr-wiki-c001-a3,SEN:5
"Mais, justement, si on enlève les passages (ce n'était pas un copier-coller",cmr-wiki-c001-a3,SEN:6
"mais un COUPER-coller), on ne comprend plus rien.",cmr-wiki-c001-a3,SEN:7
il y avait de grosses confusions d'ajoutées.,cmr-wiki-c001-a3,SEN:8
"(du moins, elles figuraient en lieu et place d'autres notions, d'où confusion) Modifications : J'ai ôté ces deux passages.",cmr-wiki-c001-a3,SEN:9
Le test de QI a été souvent critiqué à cause de sa dépendance au contexte socio-culturel.,cmr-wiki-c001-a3,SEN:10
"En effet, la résolution rapide de tels problèmes est rendue plus facile quand on est habitué à ce type de raisonnement.",cmr-wiki-c001-a3,SEN:11
"Suivant la voie tracée par les penseurs Grecs, la civilisation occidentale a donné une grande importance à la logique, au raisonnement déductif, à l'analyse, au principe de non-contradiction,",cmr-wiki-c001-a3,SEN:12
bref aux mathématiques.,cmr-wiki-c001-a3,SEN:13
"D'autres cultures ont développé d'autres outils pour comprendre le réel, comme le raisonnement par analogie, l'utilisation de l'intuition, la référence à l'Histoire ayant valeur de preuve, etc.",cmr-wiki-c001-a3,SEN:14
Ainsi il faudrait prendre en compte les caractères culturels pour que le QI puisse s'appliquer universellement comme mesure d'une certaine capacité intellectuelle.,cmr-wiki-c001-a3,SEN:15
...,cmr-wiki-c001-a3,SEN:16
"Le Qi ne mesure qu'une certaine capacité intellectuelle, et pas, en effet, la référence à l'Histoire (??),",cmr-wiki-c001-a3,SEN:17
etc.!,cmr-wiki-c001-a3,SEN:18
Ce passage là parle de la définition de l'objet testé.,cmr-wiki-c001-a3,SEN:19
Ca n'a pas de rapport.,cmr-wiki-c001-a3,SEN:20
"Si l'auteur parle de ""l'intelligence"" (?),",cmr-wiki-c001-a3,SEN:21
il peut se référer à l'article en émergence sur le sujet.,cmr-wiki-c001-a3,SEN:22
S'il parle de certaines facultés...,cmr-wiki-c001-a3,SEN:23
"Eh bien, les tests de QI ne mesurent pas celles-là.",cmr-wiki-c001-a3,SEN:24
Point.,cmr-wiki-c001-a3,SEN:25
Ce n'est pas ce dont il est question quand on parle de dépendance socio-culturelle.,cmr-wiki-c001-a3,SEN:26
"Notons que ""l'intuition"", en tant que capacité à repérer des éléments permettant d'anticiper les effets d'une action ou situation, est prise en compte dans les tests de QI (forcément, puisqu'il faut deviner le résultat d'après les éléments donnés), et même insconsciente, puisqu'on ne doit pas fournir de justification de ses réponses.",cmr-wiki-c001-a3,SEN:27
"enfin, le test de QI ne donnant qu'une note globale, il ne permet pas de connaître la qualité de la capacité intellectuelle du sujet testé, il ne donne pas de renseignements sur ses points forts et ses points faibles.",cmr-wiki-c001-a3,SEN:28
--> c'est faux.,cmr-wiki-c001-a4,SEN:0
"La note (QI) est globale, mais il y a plusieurs sub-tests,",cmr-wiki-c001-a4,SEN:1
et le but est justement de renseigner sur les points forts et les points faibles !,cmr-wiki-c001-a4,SEN:2
"(confusion entre les termes ""QI"" et ""test de QI"").",cmr-wiki-c001-a4,SEN:3
"Par contre, tous les points ne peuvent être abordés (capacité à léviter, prescience...).",cmr-wiki-c001-a4,SEN:4
-- Lauranne 28 jan 2005 à 09:31 (CET) ,cmr-wiki-c001-a4,SEN:5
"""On peut programmer assez facilement un ordinateur en LISP ou en SLIP"" S'agit-il",cmr-wiki-c001-a5,SEN:0
"d'une référence à un langage dont j'ignorais l'existence, d'une allusion au protocole de ce nom, ou d'une blague vaseuse ?",cmr-wiki-c001-a5,SEN:1
Apokrif 29 mar 2005 à 13:25 (CEST) ,cmr-wiki-c001-a5,SEN:2
SLIP (Simple LIst Processor) était un ensemble de sous-programmes,cmr-wiki-c001-a6,SEN:0
FORTRAN permettant de réaliser du traitement de listes.,cmr-wiki-c001-a6,SEN:1
C'était tout aussi fastidieux que le LIPS?,cmr-wiki-c001-a6,SEN:2
"mais enfin, cela ne comportait pas vraiment plus de parenthèses pour traiter un problème donné 81.65.27.14",cmr-wiki-c001-a6,SEN:3
8 septembre 2005 à 18:33 (CEST) ,cmr-wiki-c001-a6,SEN:4
Créer un sous-titre,cmr-wiki-c001-a7,SEN:0
"nommé froidement ""invalidité qu QI"" ne peut en aucun cas être considéré comme neutre ni même conforme à la simple réalité (si l'on distingue en moins de deux heures de conversation un 150 d'un 100, c'est bien qu'il y a quelque chose qui distingue quelque part le 150 et le 100).",cmr-wiki-c001-a7,SEN:1
"Je modifie donc ce titre en ""Objections"", ce qu'il était me semble-t-il",cmr-wiki-c001-a7,SEN:2
au départ (?),cmr-wiki-c001-a7,SEN:3
81.65.27.14,cmr-wiki-c001-a7,SEN:4
8 septembre 2005 à 18:35 (CEST) ,cmr-wiki-c001-a7,SEN:5
"Corrections également d'une double atteinte à la NPDV : un contributeur, par sa mauvaise formulation, pouvait faire risquer d'amalgamer le notion de QI avec celles d'élitisme, d'eugénisme et de racisme (première erreur) et avait rédigé son article dans un sens dépréciant les deux premiers sans raison valable, autre atteinte à la NPDV.",cmr-wiki-c001-a8,SEN:0
81.65.27.14,cmr-wiki-c001-a8,SEN:1
8 septembre 2005 à 19:10 (CEST) ,cmr-wiki-c001-a8,SEN:2
"Wiki est là pour informer de tous les aspects d'un sujet, c'est en donnant tous les points de vue que l'on obtient la neutralité, pas en exposant ton seul point de vue et en supprimant toute réflexion et mise en cause du sujet (tu devrais lire les pages de wiki consacrées au npov).--",cmr-wiki-c001-a9,SEN:0
84.101.175.97,cmr-wiki-c001-a9,SEN:1
26 septembre 2005 à 20:42 (CEST) ,cmr-wiki-c001-a9,SEN:2
"Tu me dis en gros: ""Si des gens disent que X est plus intelligent que Y c'est sùrement vrai!""",cmr-wiki-c001-a10,SEN:0
Et bien je dis NON.,cmr-wiki-c001-a10,SEN:1
"La différence entre un 100 et un 150 c'est le milieu social, l'éducation, l'entrainement de l'individu, et surtout la volonté d'acceptation et d'adaptation à des codes de raisonnement logiques choisis totalement arbitrairement, et sùrement pas par une intelligence assez supérieure aux autres pour avoir le droit de fixer les critères définissant ""l'intelligence"".",cmr-wiki-c001-a10,SEN:2
"L'intelligence, même dans son sens courant, ne possède pas de rapport direct avec le conformisme social ou le politiquement correcr.",cmr-wiki-c001-a11,SEN:0
"On a pu entendre mettre en cause la provocation d'un Serge Gainsbourg, le cynisme en affaires d'un Bill Gates, l'absence de sens moral du professeur Moriarty; jamais n'ont été mis en cause pour autant leur intelligence, au contraire.",cmr-wiki-c001-a11,SEN:1
81.65.27.14,cmr-wiki-c001-a11,SEN:2
26 septembre 2005 à 16:28 (CEST) ,cmr-wiki-c001-a11,SEN:3
"Je te dis que personne ne peut valider une thèse sur ce sujet de façon empirique, et toi tu me parles de politiquement correct, aucun rapport.",cmr-wiki-c001-a12,SEN:0
-- 84.101.175.97,cmr-wiki-c001-a12,SEN:1
26 septembre 2005 à 20:42 (CEST) ,cmr-wiki-c001-a12,SEN:2
"La classification d'individus en ""surdoués"", ""moyens"", ""attardés"" à partir de ce genre de test n'a pas plus de valeur que les autres thèses passéistes associées.",cmr-wiki-c001-a13,SEN:0
"Ici, tu n'es pas NPDV.",cmr-wiki-c001-a14,SEN:0
"La Wikipédia est là pour informer des lecteurs, et non pour permettre à ses rédacteurs d'exorciser leur préjugés par article interposé.",cmr-wiki-c001-a14,SEN:1
81.65.27.14,cmr-wiki-c001-a14,SEN:2
26 septembre 2005 à 16:28 (CEST) ,cmr-wiki-c001-a14,SEN:3
"Wiki est là pour informer de tous les aspects d'un sujet, c'est en donnant tous les points de vue que l'on obtient la neutralité, pas en exposant tes préjugés et en supprimant toute réflexion et mise en cause du sujet.",cmr-wiki-c001-a15,SEN:0
"Et je n'ai aucun préjugé, la classification grossière que j'ai donné juste au dessus est à peine exagérée du consensus sur les résultats de QI (plus policé certes) partagé par certains beni oui oui.",cmr-wiki-c001-a15,SEN:1
-- 84.101.175.97,cmr-wiki-c001-a15,SEN:2
26 septembre 2005 à 20:42 (CEST) ,cmr-wiki-c001-a15,SEN:3
"Et personne n'a le monopole de l'intelligence, cette classification est une invention civilisationnelle, totalement artificielle.",cmr-wiki-c001-a16,SEN:0
"L'automobile est également une création totalement artificielle, et tu peux constater que nous avons un article [[automobile].",cmr-wiki-c001-a17,SEN:0
81.65.27.14,cmr-wiki-c001-a17,SEN:1
26 septembre 2005 à 16:28 (CEST) ,cmr-wiki-c001-a17,SEN:2
"Comparer des thèses sur l'intelligence avec des automobiles, j'aurais pas osé.",cmr-wiki-c001-a18,SEN:0
-- 84.101.175.97,cmr-wiki-c001-a18,SEN:1
26 septembre 2005 à 20:42 (CEST) ,cmr-wiki-c001-a18,SEN:2
"Le QI ne mesure pas l'intelligence mais l'adaptation à des fonctionnements logiques choisis arbitrairement, c'est la seule définition objective.",cmr-wiki-c001-a19,SEN:0
"Si l'on a choisi arbitrairement non seulement ce que mesure le QI, mais également les disciplines enseignées dans le cadre scolaire, c'est tout simplement en raison de leur intérêt général.",cmr-wiki-c001-a20,SEN:0
"Le degré celsius aussi est arbitraire, cela ne rend nullement nocif ou pernicieux l'usage d'un thermomètre.",cmr-wiki-c001-a20,SEN:1
81.65.27.14,cmr-wiki-c001-a20,SEN:2
26 septembre 2005 à 16:28 (CEST) ,cmr-wiki-c001-a20,SEN:3
"On est d'accord, le QI ne doit donc pas être présenté comme mesure de l'intelligence mais bien comme un test aux critères prédéfinis sur des matières données, ce n'est pourtant pas ce que tu as fait sur cet article jusqu'à présent, contradictoire tout ça.",cmr-wiki-c001-a21,SEN:0
-- 84.101.175.97,cmr-wiki-c001-a21,SEN:1
26 septembre 2005 à 20:42 (CEST) ,cmr-wiki-c001-a21,SEN:2
"Sinon, voilà le genre de raisonnement qui en découle: ""Le classement des individus par «intelligence» supposée induit quasi systématiquement le classement des individus en «bons» et «inaptes», de façon plus ou moins nuancée et donc plus ou moins socialement acceptable.",cmr-wiki-c001-a22,SEN:0
"Or c'est là un détournement de la notion de QI : un faible QI n'empêche en rien par exemple de devenir artisan de génie ou employé modèle..""",cmr-wiki-c001-a22,SEN:1
->Les QI faibles (sous-entendu,cmr-wiki-c001-a22,SEN:2
"stupides) ne sont donc voués qu'à être de bons subalternes et de bons larbins, c'est bien ça ton raisonnement?",cmr-wiki-c001-a22,SEN:3
Ce point de vue n'engage que toi.,cmr-wiki-c001-a23,SEN:0
"Si tu as tel ou tel compte à régler ou bien tel ou tel complexe à éliminer, cela est parfaitement licite; je rappelle simplement que la Wikipédia ne constitue pas le lieu adéquat pour cela, non plus que pour quelque réaction émotionnelle que ce soit.",cmr-wiki-c001-a23,SEN:1
81.65.27.14,cmr-wiki-c001-a23,SEN:2
26 septembre 2005 à 16:28 (CEST) ,cmr-wiki-c001-a23,SEN:3
"S'il te plaît, épargne moi ta rhétorique de comptoir, vouloir discréditer la personne avec qui on débat c'est une méthode bien minable.",cmr-wiki-c001-a24,SEN:0
"Je n'ai aucun complexe quant à mon intelligence, en revanche je me poserais des questions si je tenais des raisonnements aussi pauvres que ceux qui t'amènent à cantonner les ""QI faibles"" dans des taches ""d'employés modèles"" (sic) ou autres subalternes.",cmr-wiki-c001-a24,SEN:1
-- 84.101.175.97,cmr-wiki-c001-a24,SEN:2
26 septembre 2005 à 20:42 (CEST) ,cmr-wiki-c001-a24,SEN:3
"Et quand je vois aussi que sur la page Intelligence il est dit que « L'intelligence, c'est ce que mesurent les tests d'intelligence », il y a vraiment un problème.",cmr-wiki-c001-a25,SEN:0
(désolé pour la réponse trop longue) -- 84.101.175.235,cmr-wiki-c001-a25,SEN:1
11 septembre 2005 à 05:12 (CEST) ,cmr-wiki-c001-a25,SEN:2
Cette discussion-là,cmr-wiki-c001-a26,SEN:0
ne concerne pas le présent article.,cmr-wiki-c001-a26,SEN:1
81.65.27.14,cmr-wiki-c001-a26,SEN:2
26 septembre 2005 à 16:28 (CEST) ,cmr-wiki-c001-a26,SEN:3
Si elle le concerne.,cmr-wiki-c001-a27,SEN:0
"Tu prétends que les QI représentent l'intelligence et ça ne te gêne pas que l'intelligence elle même ne soit pas définie (et pire, ramène directement à cet article).",cmr-wiki-c001-a27,SEN:1
Aucune honnêteté intellectuelle.,cmr-wiki-c001-a27,SEN:2
-- 84.101.175.97,cmr-wiki-c001-a27,SEN:3
26 septembre 2005 à 20:42 (CEST) ,cmr-wiki-c001-a27,SEN:4
La forme actuelle me convient.,cmr-wiki-c001-a28,SEN:0
-- 84.101.175.97,cmr-wiki-c001-a28,SEN:1
26 septembre 2005 à 20:56 (CEST) ,cmr-wiki-c001-a28,SEN:2
Pour respecter la neutralité de point de vue j'ai réécrit la dernière phrase de l'intro.,cmr-wiki-c001-a29,SEN:0
Elle me semblait trop subjective.,cmr-wiki-c001-a29,SEN:1
-- Freefater (d) 29 janvier 2008 à 11:56 (CET) ,cmr-wiki-c001-a29,SEN:2
"Je lis : le QI des parents influe sur celui des enfants, qui a néanmoins tendance à se situer entre la moyenne nationale et celui des parents.",cmr-wiki-c001-a30,SEN:0
"Contrairement à une idée reçue, cette loi n'implique pas une diminution de la variance du QI.",cmr-wiki-c001-a30,SEN:1
"Je ne vois là nulle ""idée réçue"", mais au contraire un résultat pas trop difficile à montrer mathématiquement : si tous les rejetons d'une génération 1 ont un QI compris entre celui de leurs parents et celui de la population, alors nécessairement la variance de la génération 2 sera inférieure !",cmr-wiki-c001-a30,SEN:2
81.65.26.198,cmr-wiki-c001-a30,SEN:3
5 janvier 2006 à 21:18 (CET) ,cmr-wiki-c001-a30,SEN:4
Tu n'as pas bien lu l'affirmation que tu cites et considères comme fausse.,cmr-wiki-c001-a31,SEN:0
"D'accord, si tous les rejetons d'une génération 1 on un QI strictement compris entre celui de leurs parents et celui de la population, alors la variance de la génération 2 sera strictement inférieure.",cmr-wiki-c001-a31,SEN:1
"En revanche, si tous les rejetons d'une génération 1 on un QI moyen strictement compris entre celui de leurs parents et celui de la population, on ne peut rien conclure.",cmr-wiki-c001-a31,SEN:2
Un exemple avec une population très simple: mettons qu'on a un escargot qui fait un enfant et un seul.,cmr-wiki-c001-a31,SEN:3
Soient QIPapa et Perturbation deux v.a.,cmr-wiki-c001-a31,SEN:4
"gaussiennes, indépendantes, de moyenne nulle et de variance 1.",cmr-wiki-c001-a31,SEN:5
On définit la loi du QI du bébé escargot par : QIBebe=1/\sqrt{2}*(QIPapa+Perturbation).,cmr-wiki-c001-a31,SEN:6
Si on ne connaît pas le QI du papa (population globale): E(QIBebe)= 1/\sqrt{2}*(E(QIPapa)+E(Perturbation))=0=E(QIPapa),cmr-wiki-c001-a31,SEN:7
E(QIBebe^2)= \frac{1}{2}*(E(QIPapa^2)+E(Perturbation^2))=1=E(QIPapa^2),cmr-wiki-c001-a31,SEN:8
"La variance est stable, ainsi que la moyenne d'ailleurs.",cmr-wiki-c001-a31,SEN:9
Maintenant calculons l'espérance du QI du bébé connaissant le QI du papa (influence du QI du papa sur le QI du bébé): E(QIBebe/QIPapa)=1/\sqrt{2}*E(QIPapa).,cmr-wiki-c001-a31,SEN:10
L'espérance de QIBebe connaissant QIPapa se situe strictement entre QIPapa et 0.,cmr-wiki-c001-a31,SEN:11
Bon voilà.,cmr-wiki-c001-a31,SEN:12
"Voici un autre exemple avec deux escargots, un au QI de 125 et l'autre au QI de 75.",cmr-wiki-c001-a32,SEN:0
"Imaginons que leurs enfants aient, conformément à la ""prévision"" d'Eysenck, par exemple 115 et 85.",cmr-wiki-c001-a32,SEN:1
Ainsi donc selon toi la variance ne change pas ?,cmr-wiki-c001-a32,SEN:2
:-D 81.64.199.142,cmr-wiki-c001-a32,SEN:3
27 juillet 2006 à 16:58 (CEST) ,cmr-wiki-c001-a32,SEN:4
"Je n'y connais rien, donc je déplace juste cela ici.",cmr-wiki-c001-a33,SEN:0
Merci de le reformuler le cas échéant et de remettre ce qui a lieu d'être dans l'article.,cmr-wiki-c001-a33,SEN:1
"C'était situé dans la section Quotient intellectuel#Historique simplifié, entre la fin de l'item 1939 et le début de l'item 1961.",cmr-wiki-c001-a33,SEN:2
-- AlNo (m'écrire) 29 mars 2006 à 15:38 (CEST) ,cmr-wiki-c001-a33,SEN:3
L'existence du facteur g n'en est pas pour autant mise en cause : celui-ci,cmr-wiki-c001-a34,SEN:0
"se retrouve en tronc commun, probablement cognitif, des autres facteurs.Thurstone",cmr-wiki-c001-a34,SEN:1
"réfute ainsi la thèse du facteur générale de Spearman dans une étude publiée en 1938 (""Primary mental abilities"", Chicago: University of Chicago press, Psychometric monographs 1) ""Jusqu'à présent, dans notre travail, nous n'avons pas trouvé le facteur g de Spearman.",cmr-wiki-c001-a34,SEN:2
[...],cmr-wiki-c001-a34,SEN:3
"Pour autant que nous puissions le dire actuellement, les tests qu'on a supposés saturés en ce facteur général commun répartissent leur variance en facteurs général qui ne sont pas présents dans tous les tests.",cmr-wiki-c001-a34,SEN:4
"Nous n'avons rencontré aucun facteur général commun dans la baterie des 56 tests qui ont été analysés dans cette étude.""",cmr-wiki-c001-a34,SEN:5
"(Dans Stephen Jay Gould ""La mal-mesure",cmr-wiki-c001-a34,SEN:6
"de l'homme"", Éditions Ramsay, Paris, 1983).--",cmr-wiki-c001-a34,SEN:7
64.18.185.49,cmr-wiki-c001-a34,SEN:8
19 mars 2006 à 19:52 (CET) ,cmr-wiki-c001-a34,SEN:9
Voici une critique des tests d'intelligence que m'a envoyé un site Ivoirien: http://cipdtf.ruwenzori.net/iquiz/RacismeLesTestsDIntelligence.htm,cmr-wiki-c001-a35,SEN:0
Attention!,cmr-wiki-c001-a35,SEN:1
Le reste de ce site est très satirique!,cmr-wiki-c001-a35,SEN:2
(anti-raciste,cmr-wiki-c001-a35,SEN:3
mais pas anti-français),cmr-wiki-c001-a35,SEN:4
Ce texte est intéressant car certains de ses arguments sont très pertinents.,cmr-wiki-c001-a35,SEN:5
Par exemple sa critique des résultats de Lynn et Vanhanen (QI Guinée Éqautoriale=59): http://cipdtf.ruwenzori.net/iquiz/RacismeLesTestsDIntelligence.htm#1,cmr-wiki-c001-a35,SEN:6
On y parle également de plusieurs études Européennes et de Eysenck.,cmr-wiki-c001-a35,SEN:7
217.233.94.112,cmr-wiki-c001-a35,SEN:8
22 avril 2006 à 20:49 (CEST) ,cmr-wiki-c001-a35,SEN:9
"Dans la mesure où il est établi depuis plus de dix ans qu'Eysenck a commis dans le meilleur des cas une erreur de méthode, et dans le pire falsifié ses résultats, il n'a a me semble-t-il",cmr-wiki-c001-a36,SEN:0
plus lieu de prendre ceux-ci,cmr-wiki-c001-a36,SEN:1
en compte.,cmr-wiki-c001-a36,SEN:2
81.64.199.93,cmr-wiki-c001-a36,SEN:3
12 mai 2006 à 04:01 (CEST) ,cmr-wiki-c001-a36,SEN:4
Cette information a etre autres été présentée le 11 mai 2006 en débutd'après-midi,cmr-wiki-c001-a37,SEN:0
lors du Journal de la santé.,cmr-wiki-c001-a37,SEN:1
L'émission est visible pour quelques jours ici : Lien France 5 - Journal de la santé.,cmr-wiki-c001-a37,SEN:2
"En reprenant les analyses de Spearman, Thurstone conclut que ces sept facteurs sont orthogonaux, c'est-à-dire",cmr-wiki-c001-a38,SEN:0
représentent autant de types d’intelligence et n'ont pas de lien entre eux.,cmr-wiki-c001-a38,SEN:1
"Le g de Spearman serait donc inexistant Comme il s'agit d'un commentaire personnel, ce qui suit n'a pas sa place dans l'article, mais cela ne vous rappelle-t-il",cmr-wiki-c001-a38,SEN:2
pas ce qui s'est passé pour les PC ?,cmr-wiki-c001-a38,SEN:3
"Au tout début, on ne parlait que de puissance du processeur et il s'agissait du critère unique proposé par les revues.",cmr-wiki-c001-a38,SEN:4
"Aujourd'hui, 2006, on constate que le meilleur processeur ne donne pas grand chose si lui adjoint une médiocre carte graphique, et vice-versa.",cmr-wiki-c001-a38,SEN:5
Il doit bien y avoir autant de composantes différentes dans la puissance d'un PC que dans l'intelligence humaine.,cmr-wiki-c001-a38,SEN:6
Peut-être,cmr-wiki-c001-a38,SEN:7
la métaphore méritait-elle,cmr-wiki-c001-a38,SEN:8
d'être avancée.,cmr-wiki-c001-a38,SEN:9
"Honnêtement, je ne vois absolument pas le rapport.",cmr-wiki-c001-a39,SEN:0
-- Sixsous 27 août 2006 à 03:48 (CEST) ,cmr-wiki-c001-a39,SEN:1
Cela n'a rien d'un commentaire personnel à mon avis.,cmr-wiki-c001-a40,SEN:0
Ce sont les conclusions de Thurstone!,cmr-wiki-c001-a40,SEN:1
"Si on devait enlever les commentaires personnelles de ce type, alors il faudrait jeter tout le contenu du Wiki ""QI""...",cmr-wiki-c001-a40,SEN:2
Et garder seulement les éléments qui vous font plaisir.,cmr-wiki-c001-a40,SEN:3
ci-dessous,cmr-wiki-c001-a41,SEN:0
"un texte extrait de la page de cette personne, à recycler éventuellement dans la page QI.",cmr-wiki-c001-a41,SEN:1
"Chris93 30 août 2006 à 15:55 (CEST) None NB : si la moyenne est de 10, une personne sur 6 résout 20 problèmes 116 QI, une personne sur 40 résout 30 problèmes 132 (niveau à partir duquel on est considéré comme surdoué), 1 personne sur 500 (on attendrait une personne sur 750 en loi normale) résout 40 problèmes 148, et une personne sur 10 000 résout 50 problèmes 164.",cmr-wiki-c001-a41,SEN:2
"Au delà, les psychologues ne disposent pas de données fiables parce qu'il faudrait rendre les questions beaucoup plus difficiles pour que la moyenne chûte et permette à un nombre infime d'avoir plus de 5 fois plus de bonnes réponses.",cmr-wiki-c001-a41,SEN:3
"Par induction, certains psychologues pensent qu'une personne sur 100 000 (au lieu de 1 sur 3 millions) résoudrait 60 problèmes là où la moyenne serait de 10 soit 180 de QI.",cmr-wiki-c001-a41,SEN:4
Il faut également savoir qu'une personne ayant 132 de QI (en France 1 personne sur 40 soit quasiment 20 000 personnes par année) est capable de suivre l'éducation primaire et secondaire en 8 ans au lieu de 12 et donc d'obtenir le Bac à 13 ou 14 ans (nombreuses expériences dont une Ecole à Nice aujourd'hui fermée).,cmr-wiki-c001-a41,SEN:5
"Les personnes qui ont 148 de QI (soit une personne sur 500, soit 1500 personnes chaque année) pourraient avoir le bac et entrer dans le supérieur à 12 ans (nombreuses expériences aux USA dont l'université de Washington Early Entrance Program).",cmr-wiki-c001-a41,SEN:6
Une école publique co-financée,cmr-wiki-c001-a41,SEN:7
"par des donateurs privés vient d'ouvrir dans le Nevada USA, Davidson Institute, pour les enfants qui ont un QI de 151 au moins (soit 1 personne sur 1000).",cmr-wiki-c001-a41,SEN:8
C'est la première fois qu'une expérience aussi structurée se crée à un tel niveau de sélection (les expériences précédentes concernaient plutôt les personnes avec un QI supérieur à 125 ou 130).,cmr-wiki-c001-a41,SEN:9
Les résultats ne seront connus que dans plusieurs dizaines d'années.,cmr-wiki-c001-a41,SEN:10
None ,cmr-wiki-c001-a41,SEN:11
Je viens de revisiter la section « Le QI mesure-t-il,cmr-wiki-c001-a42,SEN:0
l’intelligence?,cmr-wiki-c001-a42,SEN:1
» en y accolant le terme « validité ».,cmr-wiki-c001-a42,SEN:2
C’est mon domaine d’étude alors j’ai donc cru bon vous en faire profiter un peu.,cmr-wiki-c001-a42,SEN:3
"J’espère que vous apprécierez, d’autant plus que j’ajoute 4 citations à la bibliographie qui, selon moi, n’est pas assez mise en valeur ici.",cmr-wiki-c001-a42,SEN:4
"Personnellement, je trouve les commentaires qui s’y trouvaient à l’origine plutôt insignifiant, mais je n’ai pas osé les enlever.",cmr-wiki-c001-a42,SEN:5
Qu’en pensez-vous?,cmr-wiki-c001-a42,SEN:6
Je ne suis pas spécialement compétent en la matière donc j'aimerais vérifier auprès de ceux qui connaissent un peu le sujet (s'il en est).,cmr-wiki-c001-a43,SEN:0
Du peu de tests de QI que j'ai eu entre les mains il m'apparait que le principe est toujours le même.,cmr-wiki-c001-a43,SEN:1
"Déterminer la bonne réponse, soit parmi plusieurs posées, soit en rentrant une valeur.",cmr-wiki-c001-a43,SEN:2
"Parfois il est précisé ""plusieurs réponses possibles"".",cmr-wiki-c001-a43,SEN:3
"La deuxième chose est que la plupart des tests sont limités dans le temps, souvent aux alentours de 2 minutes par question en moyenne.",cmr-wiki-c001-a43,SEN:4
Je suis étonné que personne ne s'offusque de ce procédé.,cmr-wiki-c001-a43,SEN:5
"Je ne tiens pas à rentrer dans le débat sur ""qu'est-ce",cmr-wiki-c001-a43,SEN:6
"que l'intelligence?"",",cmr-wiki-c001-a43,SEN:7
"et il est évident qu'à la base le test de QI est à prendre avec beaucoup de précautions, mais les deux points que j'ai évoqués invalident (à mon sens) complètement le test.",cmr-wiki-c001-a43,SEN:8
"Le premier pour la simple raison que mis à part les questions à réponses ""évidentes"", il est pour un grand nombre de questions possible de trouver une logique aboutissant à un résultat différent de celui attendu.",cmr-wiki-c001-a43,SEN:9
"Sachant que justement une des caractéristiques des ""génies"" est qu'ils raisonnent différement que la plupart des gens en employant des cheminements de pensées différents, la question se pose : lorsqu'on attend un certain raisonnement détourné et complexe en réponse à une question, et (ce qui est presque systématiquement le cas) qu'il existe un raisonnement tout aussi détourné et complexe qui parvient à une conclusion différente, dans ce cas quel résultat est plus légitime que l'autre?",cmr-wiki-c001-a43,SEN:10
"Si on demandait une justification, même brève, pour chaque réponse, le test de QI y gagnerait déjà en crédibilité.",cmr-wiki-c001-a43,SEN:11
Le deuxième point que j'ai évoqué prête également à réflexion.,cmr-wiki-c001-a43,SEN:12
"Il est normal de limiter un tant soit peu les réponses dans le temps, mais la limitation est souvent excessive, surtout quand on sait que : -pour les questions à raisonnement simple, rien n'indique que les ""génies"" mettront moins de temps à répondre que les autres, ils sont même plutôt pénalisés du fait qu'ils élaborent souvent des raisonnement plus ""tordus"" que la moyenne.",cmr-wiki-c001-a43,SEN:13
"-pour les questions difficiles, le facteur chance a beaucoup trop d'importance : chance de celui qui trouve le résultat tout de suite par rapport à celui qui va d'abord partir dans une autre direction (pas nécessairement moins pertinente), et ensuite chance de celui qui aura déjà vu un raisonnement similaire.",cmr-wiki-c001-a43,SEN:14
"-la gestion du temps n'est pas du tout liée à l'intelligence, de quelque point de vue que l'on se place (et surtout si le barème du test n'est pas donné à l'avance) : entre une personne qui passe 30 minutes à résoudre un problème très ardu qui vaut 10 points et une qui en termine 10 ""abordables"" à 2 points chacun pendant le même laps de temps, il est aisé de voir que la deuxième a mieux géré son temps, mais supposons maintenant que cette même personne soit incapable de résoudre le problème ardu, même en lui donnant une journée entière...",cmr-wiki-c001-a43,SEN:15
Cela change la donne.,cmr-wiki-c001-a43,SEN:16
"En bref la limite temporelle est venue se greffer tout naturellement au principe du ""test d'intelligence"" alors qu'elle demande vraiment réflexion.",cmr-wiki-c001-a43,SEN:17
"Voila ce sont quelques questions que je pose, qui de mon point de vue contribuent à démontrer que le test de QI en général est une vaste farce, et qu'il est abbérant que ce test soit utilisé aussi fréquement et par autant d'institutions, et participe d'une définition répandue de la précocité ou surdouance.",cmr-wiki-c001-a43,SEN:18
"Je mets ces remarques en commentaire car elles n'ont nullement leur place dans l'article, mais j'espère que ceux qui le liront nuanceront leur lecture de cet article sur ce ""test d'une certaine partie de l'intelligence"", qui pourtant montre bel et bien de grandes failles, même en se plaçant dans la ""partie de l'intelligence"" en question.",cmr-wiki-c001-a43,SEN:19
"Il n'est même plus question de ""logique arbitraire"" mais de ""logique totalitaire"" quand au cadre de ce type de test.",cmr-wiki-c001-a43,SEN:20
"(Je précise également que je n'ai aucune motivation personnelle à l'écriture de ce commentaire, et aucune frustration quelle qu'elle soit concernant les tests de QI, obtenant moi-même",cmr-wiki-c001-a43,SEN:21
un excellent score à ces tests absurdes) ,cmr-wiki-c001-a43,SEN:22
Le tout est de savoir ce que mesurent les tests de QI.,cmr-wiki-c001-a44,SEN:0
"Dans l'article il est écrit qu'ils mesurent ""la compréhension de systèmes logiques prédéfinis"".",cmr-wiki-c001-a44,SEN:1
"Ce dont vous parlez (résolution d'énigmes, QCM chronométrés) ce sont les systèmes logiques en question.",cmr-wiki-c001-a44,SEN:2
"Donc ces tests restent valides, mais bien sùr en aucun cas pour mesurer l'intelligence.",cmr-wiki-c001-a44,SEN:3
Ces tests ne valent pas plus qu'un contrôle de français ou de mathématiques autant pour la qualité des problèmes que pour la validité des résultats dans le temps (obtenir 120 à un test de QI ne vaut pas plus que d'obtenir 15/20 un jour à un contrôle de maths).,cmr-wiki-c001-a44,SEN:4
Et on sait très bien que ceux qui s'entraînent pour ces tests peuvent augmenter leurs résultats.,cmr-wiki-c001-a44,SEN:5
"Enfin, tant que des charlatans, des psys autoproclamés ou des parents vaniteux y trouveront leur interet, on a pas fini d'entendre parler de ces tests.",cmr-wiki-c001-a44,SEN:6
16 avril 2007 à 19:11 (CEST)~ ,cmr-wiki-c001-a44,SEN:7
"on sait très bien que ceux qui s'entraînent pour ces tests peuvent augmenter leurs résultats : Euh, mais c'est vrai de tout, cela, voyons !",cmr-wiki-c001-a45,SEN:0
"C'est valable également en éducation physique, en mathématiques, en français, et c'est fort heureux.",cmr-wiki-c001-a45,SEN:1
"On ne voit pas pourquoi le QI serait censé mesurer quelque chose d'inné et de non modifiable par le travail : cette présupposition n'existe nulle part dans sa définition, que je sache.",cmr-wiki-c001-a45,SEN:2
212.198.139.69,cmr-wiki-c001-a45,SEN:3
(d) 8 avril 2008 à 17:54 (CEST) ,cmr-wiki-c001-a45,SEN:4
"En lisant les deux commentaires postés précèdement, il m'est venu à l'esprit que d'une part les chercheurs et ou les psychologues qui concoivent les tests de Q.I",cmr-wiki-c001-a46,SEN:0
ne sont -indépendamment du fait qu'ils soient ou non des charlatans-,cmr-wiki-c001-a46,SEN:1
vraisemblablement pas surdoués eux-mêmes(en,cmr-wiki-c001-a46,SEN:2
"tout cas, pas plus que le commun des mortels), ce qui peut expliquer pourquoi les tests peuvent pénaliser les surdoués dans la mesure ou certaines questions exigeront un mode de réflexion qui n'est pas celui du ""vrai"" surdoué mais celui que le chercheur ayant élaboré le dit test aura été en mesure de prévoir.",cmr-wiki-c001-a46,SEN:3
"D'autre part, je peux comprendre que l'on s'offusque du fait qu'un outil d'évaluation imparfait soit employé par un grand nombre d'institutions et d'organismes, mais le test de QI n'est néamoins pas le seul à avoir de ""grandes failles"", des études statistiques pourraient tout a fait faire passer l'amiante pour un matériau quasiment innoffensif ou Sarkozy pour l'homme qui à lutté efficacement contre la délinquence...",cmr-wiki-c001-a46,SEN:4
"Mais pour en revenir à mon propos de départ, j'ai bien peur qu'il ne faille absoluement recourir à ces tests et ne pas les voir uniquement comme une ""vaste farce"" dans la mesure ou ils donnent tout de même une indication sur un certain nombre de performances intellectuelles et que mis à part le test du quotient emotionel, il n'y ait -du moins à ma connaissance-",cmr-wiki-c001-a46,SEN:5
pas d'autres moyens d'évaluer ne serai-ce,cmr-wiki-c001-a46,SEN:6
"que partiellement l'intelligence et aussi tout simplement parce que affirmer que les tests ne sont pas adaptés aux ""caractèristiques des génies"", c'est admettre que les traits caractèristiques que l'on prête aux génies, leur correspondent réellement et que par conséquent la ""définition répandue de la précocité ou surdouance"" à laquelle participent les tests de QI, est la bonne.",cmr-wiki-c001-a46,SEN:7
"Pour finir, quoi que l'on pense de la pertinance d'un test de Q.I",cmr-wiki-c001-a46,SEN:8
"et si l'on admet que ""une des caractéristiques des ""génies"" est qu'ils raisonnent différement que la plupart des gens en employant des cheminements de pensées différents"" et que par ailleurs, les méthodes ""traditionnelles"" d'enseignement (j'entends par la les anciennes comme les actuelles), n'ont pas étés prévues pour prendre en compte cette caractèristique récement découverte (Je l'ai évoqué précedement mais c'est, vraissemblablement aussi le cas des tests de Q.I),",cmr-wiki-c001-a46,SEN:9
"il semble logique qu'une partie des décrochages scolaires s'explique par cette inadaptation des méthodes d'enseignement aux jeunes surdoués, qu'il est alors urgent de les trouver pour les aider, et pour ce faire, je ne comprends pas bien on peut espèrer y parvenir si on renonce à faire des évaluations, aussi imparfaites soient-elles.",cmr-wiki-c001-a46,SEN:10
"je pense par contre que renoncer totalement à éssayer de ""dépister"" les surdoués parce que les tests seraient trop restrictifs ou bien pas assez fiables est un exellent moyen d'entretenir le fantasme d'une supra-intelligence",cmr-wiki-c001-a46,SEN:11
non-humaine,cmr-wiki-c001-a46,SEN:12
"en taxant de charlatanisme toute tentative scientifique d'analyser ce phénomène et donc d'en conclure que les surdoués n'existent pas réelement, tant ils seraient rares et donc de ne prendre aucune meusure pour les aider.",cmr-wiki-c001-a46,SEN:13
"-- 1 Pour commencer quand on fait un commentaire sur une page de discussion, on signe pour montrer qui on est, quand finit sa contribution, et de quand date la contribution pour quon sache si ca vaut la peine d'y répondre ou pas.",cmr-wiki-c001-a46,SEN:14
"2 ""une des caractéristiques des ""génies"" est qu'ils raisonnent différement que la plupart des gens en employant des cheminements de pensées différents"", justement on admet pas que ""une des caractéristiques des ""génies"" est qu'ils raisonnent différement que la plupart des gens en employant des cheminements de pensées différents"".",cmr-wiki-c001-a46,SEN:15
C'est votre théorie personnelle comme il y en a des milliers...,cmr-wiki-c001-a46,SEN:16
"Le QI est athéorique, il ne fait qu'évaluer les personnes selon leur aptitude a répondre a des questions données, cette aptitude étant fortement corrélée a la réussite scolaire et académique, ainsi qu'a la profession future probable et au statut social futur, on considère que ces aptitudes sont importantes dans une société occidentale, d'ou leur étude.",cmr-wiki-c001-a46,SEN:17
"Si il existe des gens qui sont ""spéciaux"" et ""qu'ils raisonnent différement que la plupart des gens en employant des cheminements de pensées différents"".",cmr-wiki-c001-a46,SEN:18
"Dans ce cas la, nous ne les connaissons pas, ou en tout cas nous ne pouvons les détecter via le test de QI, et de toute facon ce n'est pas ce que nous étudions ici, votre questionnement est donc totalement inutile.",cmr-wiki-c001-a46,SEN:19
"3 Les psychologues peuvent etre surdoués ou pas(meme si contrairement a ce que vous pensez, selon les statistiques les universitaires ont très souvent un haut QI comparé a la population générale), ils ont la capacité de concevoir un test de QI pour des gens de 180 sans en etre, tout simplement en regardant dans la population, quelles questions (de mathématiques ou autre) peuvent etre seulement répondues par une infime partie de personnes.",cmr-wiki-c001-a46,SEN:20
"Ils en déduiront que ces gens la sont dotés de capacités cognitives exceptionnelles par rapport a la population générale, ce qui leur confère donc un statut particulier, vis a vis de leur perspectives professionnelles.",cmr-wiki-c001-a46,SEN:21
-- Koozedine (d) 18 février 2010 à 21:10 (CET) ,cmr-wiki-c001-a46,SEN:22
On peut lire dans la section Mises en cause du QI Que mesure-t-il,cmr-wiki-c001-a47,SEN:0
?,cmr-wiki-c001-a47,SEN:1
Qu'est-ce,cmr-wiki-c001-a47,SEN:2
que l'intelligence ?,cmr-wiki-c001-a47,SEN:3
Qu'est-ce,cmr-wiki-c001-a47,SEN:4
que l'intelligence ?,cmr-wiki-c001-a47,SEN:5
[...],cmr-wiki-c001-a47,SEN:6
.,cmr-wiki-c001-a47,SEN:7
"Si quelques individus semblent supérieurement intelligents, géniaux, on est sûr que la société ...",cmr-wiki-c001-a47,SEN:8
Génie est-il,cmr-wiki-c001-a47,SEN:9
synonyme de surdoué intellectuel ?,cmr-wiki-c001-a47,SEN:10
"Dans l'article, ce n'est pas clair.",cmr-wiki-c001-a47,SEN:11
"Un génie, c'est un créateur.",cmr-wiki-c001-a47,SEN:12
Sans aucun doute très intelligent d'accord mais pas seulement.,cmr-wiki-c001-a47,SEN:13
"Ces gens sont surtout des visionnaires qui, par leur travail et leur passion, apportent quelque chose de fondamentalement nouveau à leur domaine.",cmr-wiki-c001-a47,SEN:14
Je pense que c'est dommage de laisser possible dans cet article l'amalgame entre ces individus et ceux qui éffectuent certaines formes d'opérations mentales avec une aisance aussi peu commune soit-elle.,cmr-wiki-c001-a47,SEN:15
(?),cmr-wiki-c001-a47,SEN:16
felipe 7 juillet 2007 à 16:15 (CEST) ,cmr-wiki-c001-a47,SEN:17
A la lumière des enjeux de son sujet (c.à,cmr-wiki-c001-a48,SEN:0
d.,cmr-wiki-c001-a48,SEN:1
"trop souvent un marché juteux pour des ""psychologues"" dénués de scrupules) est un véritable fourre tout.",cmr-wiki-c001-a48,SEN:2
Il paraît qu'il va y avoir une conférence de concensus sur le sujet du test qui permettra peut-être,cmr-wiki-c001-a48,SEN:3
de dénoncer le scandale des utilisations falsificatrices de ce test.,cmr-wiki-c001-a48,SEN:4
"C'est simple, aux études, ceux qui se passionnaient pour ce test étaient les cancres !",cmr-wiki-c001-a48,SEN:5
(juste assez malins pour comprendre où était le chemin du tiroir caisse des parents...),cmr-wiki-c001-a48,SEN:6
Il suffit par exemple de lire 3 pages d'un livre de Jean Piaget ou encore de connaître l'histoire de ses idées pour se rendre compte à quel point la mesure de l'intelligence par l'unique test du QI est une escroquerie.,cmr-wiki-c001-a48,SEN:7
Que font donc les fameuse asocciations de psychologues pour défendre et promouvoir leur code déontologie ?,cmr-wiki-c001-a48,SEN:8
Léon99 (d) 16 janvier 2008 à 21:41 (CET) ,cmr-wiki-c001-a48,SEN:9
J'ai lu il y a longtemps qu'il y avait un lien historique entre ces deux disciplines (considérées comme scientifiques à l'époque) et qu'elles avaient été promues par les mêmes milieux.,cmr-wiki-c001-a49,SEN:0
"Je crois que ce point devrait être développé dans l'article, car il met en lumière les bases idéologiques des promoteurs de ces tests.",cmr-wiki-c001-a49,SEN:1
27 mars 2008 à 00:45 (CET) ,cmr-wiki-c001-a49,SEN:2
"Cela, c'est de l'insinuation, non des faits.",cmr-wiki-c001-a50,SEN:0
212.198.139.69,cmr-wiki-c001-a50,SEN:1
(d) 8 avril 2008 à 17:50 (CEST) ,cmr-wiki-c001-a50,SEN:2
Ne pas tout confondre : voir ci-dessous.,cmr-wiki-c001-a51,SEN:0
"""Taille de la tête (Head size) 0,40 (corrélation)""...",cmr-wiki-c001-a51,SEN:1
ce n'est pas parce que l'auteur est qualifié en marketing (et s'en sert pour se défausser !),cmr-wiki-c001-a51,SEN:2
que toutes les personnes qui parlent de Qi sont des imbéciles racistes !,cmr-wiki-c001-a51,SEN:3
"L'abondance de nombres et chiffres, comme en astrologie, ne vise qu'à faire ""science"" (et faut voir laquelle!),",cmr-wiki-c001-a51,SEN:4
"ref : la page laissée en lien, du même concepteur.",cmr-wiki-c001-a51,SEN:5
"Grosso modo, ce type d'""argument"" ressemble à celui consistant à mettre en cause les fondations d'un immeuble au prétexte que des locataires de cet immeuble se conduisent mal.",cmr-wiki-c001-a52,SEN:0
Ni les insinuations ni les réactions épidermiques n'ont pas de place dans la Wik.,cmr-wiki-c001-a52,SEN:1
"Quand un argument est hors sujet (comme ici la taille du crâne, ou plus généralement la phrénologie), ou bien on le retire de l'article parce qu'hors sujet, ou bien - mieux encore - on cite une réponse, comme l'article sur le chapeau de Cuvier écrit par Stephen Jay Gould (peut-être",cmr-wiki-c001-a52,SEN:2
"dans ""Le pouce du panda"", mais c'est à vérifier).",cmr-wiki-c001-a52,SEN:3
"Et merci, quand on n'est pas Bernanos, d'éviter l'usage du terme ""imbéciles"", pour la bonne raison que chacun d'entre nous est toujours l'imbécile de quelqu'un, et que diplomatiquement je n'en dirai pas plus :-) .",cmr-wiki-c001-a52,SEN:4
212.198.146.203,cmr-wiki-c001-a52,SEN:5
(d) 14 mars 2009 à 06:49 (CET) ,cmr-wiki-c001-a52,SEN:6
J'ai ôté le lien vers une page à la limite de la légalité en France : ...,cmr-wiki-c001-a53,SEN:0
!,cmr-wiki-c001-a53,SEN:1
"""France : QI Moyen de l'enfant si le père est Manoeuvre 92"" ...",cmr-wiki-c001-a53,SEN:2
"""Taille de la tête (Head size) 0,40 (corrélation)"", "" QI Noirs Américains (en moyenne à 75-80% d'origine Africaine) 85 "" etc.",cmr-wiki-c001-a53,SEN:3
La page citée en lien avant retrait : http://www.douance.org/qi/qicorrel.htm,cmr-wiki-c001-a53,SEN:4
Ca donne une très mauvaise image des personnes qui s'intéressent au qi.,cmr-wiki-c001-a53,SEN:5
"D'autres pages, sur d'autres sites, parlent du qi sans diamètre crânien...",cmr-wiki-c001-a53,SEN:6
"nb : le qi est établi par rapport à une moyenne, qui est 100, par définition.",cmr-wiki-c001-a53,SEN:7
Dire que la majorité d'une population a ...85,cmr-wiki-c001-a53,SEN:8
de qi est une ânerie dangereuse.,cmr-wiki-c001-a53,SEN:9
Je suis partiale ?,cmr-wiki-c001-a53,SEN:10
J'assûme.,cmr-wiki-c001-a53,SEN:11
Complètement partisane de la cause humaine.,cmr-wiki-c001-a53,SEN:12
